AMP1+CPR1+DOX1,0.7262,3
AMP1+CPR1+DOX2,0.83848,3
AMP1+CPR1+DOX3,0.76089,3
AMP1+CPR1+ERY1,0.81979,3
AMP1+CPR1+ERY2,0.89438,3
AMP1+CPR1+ERY3,0.73567,2
AMP1+CPR1+FOX1,0.46246,3
AMP1+CPR1+FOX2,0.57728,3
AMP1+CPR1+FOX3,0.86081,3
AMP1+CPR1+FUS1,0.56376,2
AMP1+CPR1+FUS2,0.6939,3
AMP1+CPR1+FUS3,0.63248,3
AMP1+CPR1+STR1,0.64863,2
AMP1+CPR1+STR2,0.52764,2
AMP1+CPR1+STR3,0.49402,3
AMP1+CPR1+TMP1,0.79092,3
AMP1+CPR1+TMP2,0.90828,2
AMP1+CPR1+TMP3,0.81629,2
AMP1+CPR2+DOX1,0.69052,3
AMP1+CPR2+DOX2,0.77007,3
AMP1+CPR2+DOX3,0.67675,3
AMP1+CPR2+ERY1,0.82836,3
AMP1+CPR2+ERY2,0.90625,3
AMP1+CPR2+ERY3,0.83544,3
AMP1+CPR2+FOX1,0.52766,3
AMP1+CPR2+FOX2,0.58892,3
AMP1+CPR2+FOX3,0.84565,2
AMP1+CPR2+FUS1,0.6546,2
AMP1+CPR2+FUS2,0.59782,3
AMP1+CPR2+FUS3,0.62237,3
AMP1+CPR2+STR1,0.55641,2
AMP1+CPR2+STR2,0.52061,2
AMP1+CPR2+STR3,0.54498,3
AMP1+CPR2+TMP1,0.80576,3
AMP1+CPR2+TMP2,0.75937,2
AMP1+CPR2+TMP3,0.75595,1
AMP1+CPR3+DOX1,0.61703,3
AMP1+CPR3+DOX2,0.65113,3
AMP1+CPR3+DOX3,0.82561,2
AMP1+CPR3+ERY1,0.79241,3
AMP1+CPR3+ERY2,0.76948,3
AMP1+CPR3+ERY3,0.80531,3
AMP1+CPR3+FOX1,0.59117,3
AMP1+CPR3+FOX2,0.69352,3
AMP1+CPR3+FOX3,0.8848,3
AMP1+CPR3+FUS1,0.66711,2
AMP1+CPR3+FUS2,0.53479,3
AMP1+CPR3+FUS3,0.75883,3
AMP1+CPR3+STR1,0.49774,2
AMP1+CPR3+STR2,0.42729,2
AMP1+CPR3+STR3,0.54656,3
AMP1+CPR3+TMP1,0.6795,3
AMP1+CPR3+TMP2,0.71161,2
AMP1+CPR3+TMP3,0.72922,1
AMP1+DOX1+ERY1,0.60391,3
AMP1+DOX1+ERY2,0.74718,3
AMP1+DOX1+ERY3,0.65194,3
AMP1+DOX1+FOX1,0.52943,3
AMP1+DOX1+FOX2,0.66402,3
AMP1+DOX1+FOX3,0.79161,3
AMP1+DOX1+FUS1,0.57118,2
AMP1+DOX1+FUS2,0.6195,3
AMP1+DOX1+FUS3,0.60797,3
AMP1+DOX1+STR1,0.38229,2
AMP1+DOX1+STR2,0.68291,2
AMP1+DOX1+STR3,0.44355,3
AMP1+DOX1+TMP1,0.64635,3
AMP1+DOX1+TMP2,0.88179,3
AMP1+DOX1+TMP3,0.856,2
AMP1+DOX2+ERY1,0.64045,3
AMP1+DOX2+ERY2,0.55571,3
AMP1+DOX2+ERY3,0.60621,3
AMP1+DOX2+FOX1,0.55586,2
AMP1+DOX2+FOX2,0.70363,2
AMP1+DOX2+FOX3,0.71453,2
AMP1+DOX2+FUS1,0.37354,2
AMP1+DOX2+FUS2,0.5309,3
AMP1+DOX2+FUS3,0.56877,3
AMP1+DOX2+STR1,0.57648,2
AMP1+DOX2+STR2,0.51812,2
AMP1+DOX2+STR3,0.58029,3
AMP1+DOX2+TMP1,0.78967,3
AMP1+DOX2+TMP2,0.691,3
AMP1+DOX2+TMP3,0.64421,2
AMP1+DOX3+ERY1,0.6018,3
AMP1+DOX3+ERY2,0.48914,3
AMP1+DOX3+ERY3,0.52016,3
AMP1+DOX3+FOX1,0.53379,2
AMP1+DOX3+FOX2,0.65969,2
AMP1+DOX3+FOX3,0.70547,2
AMP1+DOX3+FUS1,0.53177,2
AMP1+DOX3+FUS2,0.61358,3
AMP1+DOX3+FUS3,0.71663,3
AMP1+DOX3+STR1,0.34085,2
AMP1+DOX3+STR2,0.35244,2
AMP1+DOX3+STR3,0.47651,3
AMP1+DOX3+TMP1,0.67239,3
AMP1+DOX3+TMP2,0.64094,3
AMP1+DOX3+TMP3,0.72968,2
AMP1+ERY1+FOX1,0.57443,3
AMP1+ERY1+FOX2,0.565,3
AMP1+ERY1+FOX3,0.75973,3
AMP1+ERY1+FUS1,0.6011,2
AMP1+ERY1+FUS2,0.48783,3
AMP1+ERY1+FUS3,0.79685,3
AMP1+ERY1+STR1,0.62651,2
AMP1+ERY1+STR2,0.48114,2
AMP1+ERY1+STR3,0.47273,3
AMP1+ERY1+TMP1,0.61818,3
AMP1+ERY1+TMP2,0.62417,3
AMP1+ERY1+TMP3,0.77917,2
AMP1+ERY2+FOX1,0.6433,3
AMP1+ERY2+FOX2,0.45867,3
AMP1+ERY2+FOX3,0.78261,2
AMP1+ERY2+FUS1,0.45748,2
AMP1+ERY2+FUS2,0.61266,3
AMP1+ERY2+FUS3,0.77986,3
AMP1+ERY2+STR1,0.27696,2
AMP1+ERY2+STR2,0.36829,2
AMP1+ERY2+STR3,0.30524,3
AMP1+ERY2+TMP1,0.5295,3
AMP1+ERY2+TMP2,0.60705,3
AMP1+ERY2+TMP3,0.60452,2
AMP1+ERY3+FOX1,0.70202,2
AMP1+ERY3+FOX2,0.76311,3
AMP1+ERY3+FOX3,0.84493,3
AMP1+ERY3+FUS1,0.39822,2
AMP1+ERY3+FUS2,0.60285,3
AMP1+ERY3+FUS3,0.78217,3
AMP1+ERY3+STR1,0.22551,2
AMP1+ERY3+STR2,0.24559,2
AMP1+ERY3+STR3,0.26986,3
AMP1+ERY3+TMP1,0.70538,3
AMP1+ERY3+TMP2,0.67095,3
AMP1+ERY3+TMP3,0.77272,2
AMP1+FOX1+FUS1,0.33573,2
AMP1+FOX1+FUS2,0.39836,3
AMP1+FOX1+FUS3,0.59313,3
AMP1+FOX1+STR1,0.52473,2
AMP1+FOX1+STR2,0.36048,2
AMP1+FOX1+STR3,0.54455,3
AMP1+FOX1+TMP1,0.79449,3
AMP1+FOX1+TMP2,0.76828,2
AMP1+FOX1+TMP3,0.79849,1
AMP1+FOX2+FUS1,0.43079,2
AMP1+FOX2+FUS2,0.53224,3
AMP1+FOX2+FUS3,0.58259,3
AMP1+FOX2+STR1,0.52109,2
AMP1+FOX2+STR2,0.3693,2
AMP1+FOX2+STR3,0.53792,3
AMP1+FOX2+TMP1,0.80987,3
AMP1+FOX2+TMP2,0.81893,3
AMP1+FOX2+TMP3,0.6858,2
AMP1+FOX3+FUS1,0.59618,2
AMP1+FOX3+FUS2,0.69841,3
AMP1+FOX3+FUS3,0.75951,3
AMP1+FOX3+STR1,0.7809,2
AMP1+FOX3+STR2,0.59924,2
AMP1+FOX3+STR3,0.63956,3
AMP1+FOX3+TMP1,0.8347,3
AMP1+FOX3+TMP2,0.91216,3
AMP1+FOX3+TMP3,0.88943,1
AMP1+FUS1+STR1,0.21085,1
AMP1+FUS1+STR2,0.25107,1
AMP1+FUS1+STR3,0.1272,2
AMP1+FUS1+TMP1,0.54092,2
AMP1+FUS1+TMP2,0.54268,2
AMP1+FUS1+TMP3,0.49831,1
AMP1+FUS2+STR1,0.28677,2
AMP1+FUS2+STR2,0.10707,2
AMP1+FUS2+STR3,0.24542,3
AMP1+FUS2+TMP1,0.68943,3
AMP1+FUS2+TMP2,0.52352,3
AMP1+FUS2+TMP3,0.44619,2
AMP1+FUS3+STR1,0.26761,2
AMP1+FUS3+STR2,0.15598,2
AMP1+FUS3+STR3,0.41411,3
AMP1+FUS3+TMP1,0.60175,3
AMP1+FUS3+TMP2,0.53081,3
AMP1+FUS3+TMP3,0.47513,2
AMP1+STR1+TMP1,0.3965,2
AMP1+STR1+TMP2,0.43963,1
AMP1+STR1+TMP3,0.13875,0
AMP1+STR2+TMP1,0.36431,2
AMP1+STR2+TMP2,0.15924,2
AMP1+STR2+TMP3,0.41757,1
AMP1+STR3+TMP1,0.46443,3
AMP1+STR3+TMP2,0.29316,3
AMP1+STR3+TMP3,0.48569,2
AMP2+CPR1+DOX1,0.78349,3
AMP2+CPR1+DOX2,0.78205,2
AMP2+CPR1+DOX3,0.55279,2
AMP2+CPR1+ERY1,0.83848,3
AMP2+CPR1+ERY2,0.87964,3
AMP2+CPR1+ERY3,0.8209,2
AMP2+CPR1+FOX1,0.55558,3
AMP2+CPR1+FOX2,0.76492,3
AMP2+CPR1+FOX3,0.75641,3
AMP2+CPR1+FUS1,0.66996,3
AMP2+CPR1+FUS2,0.68174,3
AMP2+CPR1+FUS3,0.58381,3
AMP2+CPR1+STR1,0.64438,2
AMP2+CPR1+STR2,0.50374,2
AMP2+CPR1+STR3,0.63736,3
AMP2+CPR1+TMP1,0.51147,2
AMP2+CPR1+TMP2,0.68624,1
AMP2+CPR1+TMP3,0.67537,2
AMP2+CPR2+DOX1,0.65422,3
AMP2+CPR2+DOX2,0.5146,2
AMP2+CPR2+DOX3,0.59031,2
AMP2+CPR2+ERY1,0.84185,3
AMP2+CPR2+ERY2,0.85798,3
AMP2+CPR2+ERY3,0.72204,3
AMP2+CPR2+FOX1,0.61244,3
AMP2+CPR2+FOX2,0.56209,3
AMP2+CPR2+FOX3,0.75925,2
AMP2+CPR2+FUS1,0.59693,3
AMP2+CPR2+FUS2,0.60167,3
AMP2+CPR2+FUS3,0.53877,3
AMP2+CPR2+STR1,0.41851,2
AMP2+CPR2+STR2,0.49642,2
AMP2+CPR2+STR3,0.59337,3
AMP2+CPR2+TMP1,0.75968,2
AMP2+CPR2+TMP2,0.70976,1
AMP2+CPR2+TMP3,0.80125,1
AMP2+CPR3+DOX1,0.65201,3
AMP2+CPR3+DOX2,0.55232,2
AMP2+CPR3+DOX3,0.71185,1
AMP2+CPR3+ERY1,0.62079,3
AMP2+CPR3+ERY2,0.75064,3
AMP2+CPR3+ERY3,0.66336,3
AMP2+CPR3+FOX1,0.69225,3
AMP2+CPR3+FOX2,0.73913,3
AMP2+CPR3+FOX3,0.81024,3
AMP2+CPR3+FUS1,0.54445,3
AMP2+CPR3+FUS2,0.45323,3
AMP2+CPR3+FUS3,0.56307,3
AMP2+CPR3+STR1,0.52702,2
AMP2+CPR3+STR2,0.44042,2
AMP2+CPR3+STR3,0.62627,3
AMP2+CPR3+TMP1,0.81985,2
AMP2+CPR3+TMP2,0.83686,1
AMP2+CPR3+TMP3,0.68579,1
AMP2+DOX1+ERY1,0.8069,3
AMP2+DOX1+ERY2,0.75599,3
AMP2+DOX1+ERY3,0.76349,3
AMP2+DOX1+FOX1,0.57191,3
AMP2+DOX1+FOX2,0.56598,3
AMP2+DOX1+FOX3,0.43294,3
AMP2+DOX1+FUS1,0.5226,3
AMP2+DOX1+FUS2,0.63415,3
AMP2+DOX1+FUS3,0.57446,3
AMP2+DOX1+STR1,0.38421,2
AMP2+DOX1+STR2,0.46599,2
AMP2+DOX1+STR3,0.41822,3
AMP2+DOX1+TMP1,0.43586,2
AMP2+DOX1+TMP2,0.4061,2
AMP2+DOX1+TMP3,0.38068,2
AMP2+DOX2+ERY1,0.55942,2
AMP2+DOX2+ERY2,0.68303,2
AMP2+DOX2+ERY3,0.68269,2
AMP2+DOX2+FOX1,0.57606,1
AMP2+DOX2+FOX2,0.51793,1
AMP2+DOX2+FOX3,0.43819,1
AMP2+DOX2+FUS1,0.47328,2
AMP2+DOX2+FUS2,0.46169,2
AMP2+DOX2+FUS3,0.57809,2
AMP2+DOX2+STR1,0.32823,1
AMP2+DOX2+STR2,0.33924,1
AMP2+DOX2+STR3,0.48802,2
AMP2+DOX2+TMP1,0.62839,1
AMP2+DOX2+TMP2,0.5567,1
AMP2+DOX2+TMP3,0.60542,1
AMP2+DOX3+ERY1,0.63188,2
AMP2+DOX3+ERY2,0.51582,2
AMP2+DOX3+ERY3,0.52407,2
AMP2+DOX3+FOX1,0.59107,1
AMP2+DOX3+FOX2,0.51926,1
AMP2+DOX3+FOX3,0.47359,1
AMP2+DOX3+FUS1,0.4866,2
AMP2+DOX3+FUS2,0.49067,2
AMP2+DOX3+FUS3,0.58346,2
AMP2+DOX3+STR1,0.36938,1
AMP2+DOX3+STR2,0.32485,1
AMP2+DOX3+STR3,0.34719,2
AMP2+DOX3+TMP1,0.70077,1
AMP2+DOX3+TMP2,0.70294,1
AMP2+DOX3+TMP3,0.6926,1
AMP2+ERY1+FOX1,0.68001,3
AMP2+ERY1+FOX2,0.66596,3
AMP2+ERY1+FOX3,0.82159,3
AMP2+ERY1+FUS1,0.54835,3
AMP2+ERY1+FUS2,0.62198,3
AMP2+ERY1+FUS3,0.67159,3
AMP2+ERY1+STR1,0.66818,2
AMP2+ERY1+STR2,0.61378,2
AMP2+ERY1+STR3,0.654,3
AMP2+ERY1+TMP1,0.70753,2
AMP2+ERY1+TMP2,0.55961,2
AMP2+ERY1+TMP3,0.52897,2
AMP2+ERY2+FOX1,0.69507,3
AMP2+ERY2+FOX2,0.6174,3
AMP2+ERY2+FOX3,0.77824,2
AMP2+ERY2+FUS1,0.46743,3
AMP2+ERY2+FUS2,0.5836,3
AMP2+ERY2+FUS3,0.75071,3
AMP2+ERY2+STR1,0.54444,2
AMP2+ERY2+STR2,0.4659,2
AMP2+ERY2+STR3,0.64268,3
AMP2+ERY2+TMP1,0.6219,2
AMP2+ERY2+TMP2,0.42326,2
AMP2+ERY2+TMP3,0.41262,2
AMP2+ERY3+FOX1,0.82266,2
AMP2+ERY3+FOX2,0.6378,3
AMP2+ERY3+FOX3,0.84408,3
AMP2+ERY3+FUS1,0.57019,3
AMP2+ERY3+FUS2,0.64222,3
AMP2+ERY3+FUS3,0.69389,3
AMP2+ERY3+STR1,0.44945,2
AMP2+ERY3+STR2,0.45381,2
AMP2+ERY3+STR3,0.56545,3
AMP2+ERY3+TMP1,0.48117,2
AMP2+ERY3+TMP2,0.44984,2
AMP2+ERY3+TMP3,0.37304,2
AMP2+FOX1+FUS1,0.54546,3
AMP2+FOX1+FUS2,0.44574,3
AMP2+FOX1+FUS3,0.56657,3
AMP2+FOX1+STR1,0.40452,2
AMP2+FOX1+STR2,0.32231,2
AMP2+FOX1+STR3,0.59015,3
AMP2+FOX1+TMP1,0.77396,2
AMP2+FOX1+TMP2,0.73227,1
AMP2+FOX1+TMP3,0.78455,1
AMP2+FOX2+FUS1,0.47304,3
AMP2+FOX2+FUS2,0.49816,3
AMP2+FOX2+FUS3,0.5183,3
AMP2+FOX2+STR1,0.50809,2
AMP2+FOX2+STR2,0.57462,2
AMP2+FOX2+STR3,0.57121,3
AMP2+FOX2+TMP1,0.80309,2
AMP2+FOX2+TMP2,0.79409,2
AMP2+FOX2+TMP3,0.6787,2
AMP2+FOX3+FUS1,0.53623,3
AMP2+FOX3+FUS2,0.62848,3
AMP2+FOX3+FUS3,0.75298,3
AMP2+FOX3+STR1,0.46577,2
AMP2+FOX3+STR2,0.58664,2
AMP2+FOX3+STR3,0.64126,3
AMP2+FOX3+TMP1,0.70333,2
AMP2+FOX3+TMP2,0.68182,2
AMP2+FOX3+TMP3,0.4223,1
AMP2+FUS1+STR1,0.20421,2
AMP2+FUS1+STR2,0.39369,2
AMP2+FUS1+STR3,0.31553,3
AMP2+FUS1+TMP1,0.54084,2
AMP2+FUS1+TMP2,0.44019,2
AMP2+FUS1+TMP3,0.49495,2
AMP2+FUS2+STR1,0.3239,2
AMP2+FUS2+STR2,0.1509,2
AMP2+FUS2+STR3,0.31067,3
AMP2+FUS2+TMP1,0.67722,2
AMP2+FUS2+TMP2,0.5259,2
AMP2+FUS2+TMP3,0.42555,2
AMP2+FUS3+STR1,0.53857,2
AMP2+FUS3+STR2,0.5109,2
AMP2+FUS3+STR3,0.5719,3
AMP2+FUS3+TMP1,0.50298,2
AMP2+FUS3+TMP2,0.57863,2
AMP2+FUS3+TMP3,0.55898,2
AMP2+STR1+TMP1,0.30497,1
AMP2+STR1+TMP2,0.37266,0
AMP2+STR1+TMP3,0.34876,0
AMP2+STR2+TMP1,0.33493,1
AMP2+STR2+TMP2,0.34645,1
AMP2+STR2+TMP3,0.24186,1
AMP2+STR3+TMP1,0.56333,2
AMP2+STR3+TMP2,0.55251,2
AMP2+STR3+TMP3,0.461,2
AMP3+CPR1+DOX1,0.70665,3
AMP3+CPR1+DOX2,0.77238,2
AMP3+CPR1+DOX3,0.54248,2
AMP3+CPR1+ERY1,0.91962,3
AMP3+CPR1+ERY2,0.80744,3
AMP3+CPR1+ERY3,0.87816,2
AMP3+CPR1+FOX1,0.68333,3
AMP3+CPR1+FOX2,0.80125,3
AMP3+CPR1+FOX3,0.92382,3
AMP3+CPR1+FUS1,0.77338,3
AMP3+CPR1+FUS2,0.714,3
AMP3+CPR1+FUS3,0.75168,3
AMP3+CPR1+STR1,0.73483,2
AMP3+CPR1+STR2,0.76099,3
AMP3+CPR1+STR3,0.79279,3
AMP3+CPR1+TMP1,0.60753,2
AMP3+CPR1+TMP2,0.75758,1
AMP3+CPR1+TMP3,0.80469,2
AMP3+CPR2+DOX1,0.6584,3
AMP3+CPR2+DOX2,0.61738,2
AMP3+CPR2+DOX3,0.58206,2
AMP3+CPR2+ERY1,0.86866,3
AMP3+CPR2+ERY2,0.76126,3
AMP3+CPR2+ERY3,0.85151,3
AMP3+CPR2+FOX1,0.68701,3
AMP3+CPR2+FOX2,0.78598,3
AMP3+CPR2+FOX3,0.88066,2
AMP3+CPR2+FUS1,0.73545,3
AMP3+CPR2+FUS2,0.67917,3
AMP3+CPR2+FUS3,0.79682,3
AMP3+CPR2+STR1,0.52714,2
AMP3+CPR2+STR2,0.42992,3
AMP3+CPR2+STR3,0.78128,3
AMP3+CPR2+TMP1,0.73816,2
AMP3+CPR2+TMP2,0.6857,1
AMP3+CPR2+TMP3,0.76966,1
AMP3+CPR3+DOX1,0.71652,3
AMP3+CPR3+DOX2,0.7117,2
AMP3+CPR3+DOX3,0.61654,1
AMP3+CPR3+ERY1,0.77627,3
AMP3+CPR3+ERY2,0.69503,3
AMP3+CPR3+ERY3,0.80818,3
AMP3+CPR3+FOX1,0.66424,3
AMP3+CPR3+FOX2,0.77087,3
AMP3+CPR3+FOX3,0.82558,3
AMP3+CPR3+FUS1,0.5652,3
AMP3+CPR3+FUS2,0.58104,3
AMP3+CPR3+FUS3,0.79477,3
AMP3+CPR3+STR1,0.60105,2
AMP3+CPR3+STR2,0.40793,3
AMP3+CPR3+STR3,0.75569,3
AMP3+CPR3+TMP1,0.68068,2
AMP3+CPR3+TMP2,0.54926,1
AMP3+CPR3+TMP3,0.65953,1
AMP3+DOX1+ERY1,0.73848,3
AMP3+DOX1+ERY2,0.83199,3
AMP3+DOX1+ERY3,0.62621,3
AMP3+DOX1+FOX1,0.76858,3
AMP3+DOX1+FOX2,0.63332,3
AMP3+DOX1+FOX3,0.73587,3
AMP3+DOX1+FUS1,0.62718,3
AMP3+DOX1+FUS2,0.68905,3
AMP3+DOX1+FUS3,0.76415,3
AMP3+DOX1+STR1,0.52595,2
AMP3+DOX1+STR2,0.51192,3
AMP3+DOX1+STR3,0.59519,3
AMP3+DOX1+TMP1,0.52278,2
AMP3+DOX1+TMP2,0.47212,2
AMP3+DOX1+TMP3,0.47996,2
AMP3+DOX2+ERY1,0.66498,2
AMP3+DOX2+ERY2,0.532,2
AMP3+DOX2+ERY3,0.53353,2
AMP3+DOX2+FOX1,0.74091,1
AMP3+DOX2+FOX2,0.55364,1
AMP3+DOX2+FOX3,0.53514,1
AMP3+DOX2+FUS1,0.62449,2
AMP3+DOX2+FUS2,0.70557,2
AMP3+DOX2+FUS3,0.47867,2
AMP3+DOX2+STR1,0.38428,1
AMP3+DOX2+STR2,0.48021,2
AMP3+DOX2+STR3,0.39385,2
AMP3+DOX2+TMP1,0.50662,1
AMP3+DOX2+TMP2,0.39884,1
AMP3+DOX2+TMP3,0.51774,1
AMP3+DOX3+ERY1,0.67035,2
AMP3+DOX3+ERY2,0.45005,2
AMP3+DOX3+ERY3,0.48087,2
AMP3+DOX3+FOX1,0.81477,1
AMP3+DOX3+FOX2,0.5552,1
AMP3+DOX3+FOX3,0.53796,1
AMP3+DOX3+FUS1,0.64367,2
AMP3+DOX3+FUS2,0.59219,2
AMP3+DOX3+FUS3,0.50629,2
AMP3+DOX3+STR1,0.27696,1
AMP3+DOX3+STR2,0.40678,2
AMP3+DOX3+STR3,0.25759,2
AMP3+DOX3+TMP1,0.65925,1
AMP3+DOX3+TMP2,0.74383,1
AMP3+DOX3+TMP3,0.72109,1
AMP3+ERY1+FOX1,0.82363,3
AMP3+ERY1+FOX2,0.86592,3
AMP3+ERY1+FOX3,0.89667,3
AMP3+ERY1+FUS1,0.56379,3
AMP3+ERY1+FUS2,0.77246,3
AMP3+ERY1+FUS3,0.78467,3
AMP3+ERY1+STR1,0.72972,2
AMP3+ERY1+STR2,0.70129,3
AMP3+ERY1+STR3,0.79223,3
AMP3+ERY1+TMP1,0.76232,2
AMP3+ERY1+TMP2,0.59375,2
AMP3+ERY1+TMP3,0.65899,2
AMP3+ERY2+FOX1,0.76821,3
AMP3+ERY2+FOX2,0.81443,3
AMP3+ERY2+FOX3,0.86355,2
AMP3+ERY2+FUS1,0.53192,3
AMP3+ERY2+FUS2,0.79588,3
AMP3+ERY2+FUS3,0.59831,3
AMP3+ERY2+STR1,0.84595,2
AMP3+ERY2+STR2,0.813,3
AMP3+ERY2+STR3,0.6673,3
AMP3+ERY2+TMP1,0.51346,2
AMP3+ERY2+TMP2,0.44738,2
AMP3+ERY2+TMP3,0.47989,2
AMP3+ERY3+FOX1,0.85038,2
AMP3+ERY3+FOX2,0.79446,3
AMP3+ERY3+FOX3,0.91042,3
AMP3+ERY3+FUS1,0.7187,3
AMP3+ERY3+FUS2,0.68604,3
AMP3+ERY3+FUS3,0.85289,3
AMP3+ERY3+STR1,0.71879,2
AMP3+ERY3+STR2,0.62046,3
AMP3+ERY3+STR3,0.76892,3
AMP3+ERY3+TMP1,0.55222,2
AMP3+ERY3+TMP2,0.49065,2
AMP3+ERY3+TMP3,0.38821,2
AMP3+FOX1+FUS1,0.567,3
AMP3+FOX1+FUS2,0.55864,3
AMP3+FOX1+FUS3,0.66887,3
AMP3+FOX1+STR1,0.69652,2
AMP3+FOX1+STR2,0.48368,3
AMP3+FOX1+STR3,0.62498,3
AMP3+FOX1+TMP1,0.91083,2
AMP3+FOX1+TMP2,0.91315,1
AMP3+FOX1+TMP3,0.70709,1
AMP3+FOX2+FUS1,0.45335,3
AMP3+FOX2+FUS2,0.55039,3
AMP3+FOX2+FUS3,0.74511,3
AMP3+FOX2+STR1,0.49521,2
AMP3+FOX2+STR2,0.59265,3
AMP3+FOX2+STR3,0.60875,3
AMP3+FOX2+TMP1,0.8517,2
AMP3+FOX2+TMP2,0.71122,2
AMP3+FOX2+TMP3,0.68283,2
AMP3+FOX3+FUS1,0.67897,3
AMP3+FOX3+FUS2,0.68419,3
AMP3+FOX3+FUS3,0.65461,3
AMP3+FOX3+STR1,0.70381,2
AMP3+FOX3+STR2,0.44883,3
AMP3+FOX3+STR3,0.75344,3
AMP3+FOX3+TMP1,0.86745,2
AMP3+FOX3+TMP2,0.79698,2
AMP3+FOX3+TMP3,0.74322,1
AMP3+FUS1+STR1,0.055395,2
AMP3+FUS1+STR2,0.32018,3
AMP3+FUS1+STR3,0.27903,3
AMP3+FUS1+TMP1,0.61907,2
AMP3+FUS1+TMP2,0.54594,2
AMP3+FUS1+TMP3,0.48271,2
AMP3+FUS2+STR1,0.46725,2
AMP3+FUS2+STR2,0.35572,3
AMP3+FUS2+STR3,0.66558,3
AMP3+FUS2+TMP1,0.80727,2
AMP3+FUS2+TMP2,0.69917,2
AMP3+FUS2+TMP3,0.62936,2
AMP3+FUS3+STR1,0.73387,2
AMP3+FUS3+STR2,0.45279,3
AMP3+FUS3+STR3,0.44745,3
AMP3+FUS3+TMP1,0.59173,2
AMP3+FUS3+TMP2,0.60162,2
AMP3+FUS3+TMP3,0.55124,2
AMP3+STR1+TMP1,0.53222,1
AMP3+STR1+TMP2,0.565,0
AMP3+STR1+TMP3,0.48517,0
AMP3+STR2+TMP1,0.54265,2
AMP3+STR2+TMP2,0.51627,2
AMP3+STR2+TMP3,0.57635,2
AMP3+STR3+TMP1,0.69181,2
AMP3+STR3+TMP2,0.58755,2
AMP3+STR3+TMP3,0.49402,2
CPR1+DOX1+ERY1,0.7835,3
CPR1+DOX1+ERY2,0.77228,3
CPR1+DOX1+ERY3,0.87065,2
CPR1+DOX1+FOX1,0.76505,3
CPR1+DOX1+FOX2,0.77157,3
CPR1+DOX1+FOX3,0.67868,3
CPR1+DOX1+FUS1,0.80084,3
CPR1+DOX1+FUS2,0.78499,3
CPR1+DOX1+FUS3,0.8791,3
CPR1+DOX1+STR1,0.69558,3
CPR1+DOX1+STR2,0.54418,3
CPR1+DOX1+STR3,0.68387,3
CPR1+DOX1+TMP1,0.52575,3
CPR1+DOX1+TMP2,0.64116,2
CPR1+DOX1+TMP3,0.74145,3
CPR1+DOX2+ERY1,0.75506,3
CPR1+DOX2+ERY2,0.84509,3
CPR1+DOX2+ERY3,0.75025,2
CPR1+DOX2+FOX1,0.80823,2
CPR1+DOX2+FOX2,0.53249,2
CPR1+DOX2+FOX3,0.6841,2
CPR1+DOX2+FUS1,0.77626,3
CPR1+DOX2+FUS2,0.68198,3
CPR1+DOX2+FUS3,0.81822,3
CPR1+DOX2+STR1,0.3939,3
CPR1+DOX2+STR2,0.47445,3
CPR1+DOX2+STR3,0.58772,3
CPR1+DOX2+TMP1,0.77748,3
CPR1+DOX2+TMP2,0.68199,2
CPR1+DOX2+TMP3,0.69608,3
CPR1+DOX3+ERY1,0.92861,3
CPR1+DOX3+ERY2,0.92757,3
CPR1+DOX3+ERY3,0.84366,2
CPR1+DOX3+FOX1,0.71156,2
CPR1+DOX3+FOX2,0.42231,2
CPR1+DOX3+FOX3,0.54024,2
CPR1+DOX3+FUS1,0.7108,3
CPR1+DOX3+FUS2,0.68887,3
CPR1+DOX3+FUS3,0.71939,3
CPR1+DOX3+STR1,0.49727,3
CPR1+DOX3+STR2,0.40154,3
CPR1+DOX3+STR3,0.54802,3
CPR1+DOX3+TMP1,0.68474,3
CPR1+DOX3+TMP2,0.65911,2
CPR1+DOX3+TMP3,0.71108,3
CPR1+ERY1+FOX1,0.94253,3
CPR1+ERY1+FOX2,0.92671,3
CPR1+ERY1+FOX3,0.96154,3
CPR1+ERY1+FUS1,0.85184,3
CPR1+ERY1+FUS2,0.70059,3
CPR1+ERY1+FUS3,0.70654,3
CPR1+ERY1+STR1,0.82428,3
CPR1+ERY1+STR2,0.73544,3
CPR1+ERY1+STR3,0.80915,3
CPR1+ERY1+TMP1,0.76312,3
CPR1+ERY1+TMP2,0.87342,2
CPR1+ERY1+TMP3,0.75042,3
CPR1+ERY2+FOX1,0.91908,3
CPR1+ERY2+FOX2,0.83552,3
CPR1+ERY2+FOX3,0.92175,2
CPR1+ERY2+FUS1,0.78905,3
CPR1+ERY2+FUS2,0.67367,3
CPR1+ERY2+FUS3,0.80227,3
CPR1+ERY2+STR1,0.81094,3
CPR1+ERY2+STR2,0.79104,3
CPR1+ERY2+STR3,0.85216,3
CPR1+ERY2+TMP1,0.77668,3
CPR1+ERY2+TMP2,0.80281,2
CPR1+ERY2+TMP3,0.88302,3
CPR1+ERY3+FOX1,0.9069,1
CPR1+ERY3+FOX2,0.90365,2
CPR1+ERY3+FOX3,0.93638,2
CPR1+ERY3+FUS1,0.73387,2
CPR1+ERY3+FUS2,0.58861,2
CPR1+ERY3+FUS3,0.69837,2
CPR1+ERY3+STR1,0.87579,2
CPR1+ERY3+STR2,0.90948,2
CPR1+ERY3+STR3,0.80665,2
CPR1+ERY3+TMP1,0.91174,2
CPR1+ERY3+TMP2,0.77328,1
CPR1+ERY3+TMP3,0.88361,2
CPR1+FOX1+FUS1,0.71602,3
CPR1+FOX1+FUS2,0.80939,3
CPR1+FOX1+FUS3,0.70973,3
CPR1+FOX1+STR1,0.92778,3
CPR1+FOX1+STR2,0.83004,3
CPR1+FOX1+STR3,0.78087,3
CPR1+FOX1+TMP1,0.80272,3
CPR1+FOX1+TMP2,0.71628,1
CPR1+FOX1+TMP3,0.74963,2
CPR1+FOX2+FUS1,0.76983,3
CPR1+FOX2+FUS2,0.84752,3
CPR1+FOX2+FUS3,0.78784,3
CPR1+FOX2+STR1,0.90057,3
CPR1+FOX2+STR2,0.87177,3
CPR1+FOX2+STR3,0.88897,3
CPR1+FOX2+TMP1,0.91858,3
CPR1+FOX2+TMP2,0.83225,2
CPR1+FOX2+TMP3,0.78172,3
CPR1+FOX3+FUS1,0.76382,3
CPR1+FOX3+FUS2,0.6837,3
CPR1+FOX3+FUS3,0.82112,3
CPR1+FOX3+STR1,0.89926,3
CPR1+FOX3+STR2,0.72962,3
CPR1+FOX3+STR3,0.87511,3
CPR1+FOX3+TMP1,0.64288,3
CPR1+FOX3+TMP2,0.78087,2
CPR1+FOX3+TMP3,0.732,2
CPR1+FUS1+STR1,0.70812,3
CPR1+FUS1+STR2,0.73997,3
CPR1+FUS1+STR3,0.77424,3
CPR1+FUS1+TMP1,0.85031,3
CPR1+FUS1+TMP2,0.78058,2
CPR1+FUS1+TMP3,0.67137,3
CPR1+FUS2+STR1,0.7059,3
CPR1+FUS2+STR2,0.78877,3
CPR1+FUS2+STR3,0.7087,3
CPR1+FUS2+TMP1,0.64119,3
CPR1+FUS2+TMP2,0.90803,2
CPR1+FUS2+TMP3,0.70059,3
CPR1+FUS3+STR1,0.49788,3
CPR1+FUS3+STR2,0.83903,3
CPR1+FUS3+STR3,0.77276,3
CPR1+FUS3+TMP1,0.70978,3
CPR1+FUS3+TMP2,0.72448,2
CPR1+FUS3+TMP3,0.77887,3
CPR1+STR1+TMP1,0.32598,3
CPR1+STR1+TMP2,0.65518,1
CPR1+STR1+TMP3,0.47067,2
CPR1+STR2+TMP1,0.69505,3
CPR1+STR2+TMP2,0.70753,2
CPR1+STR2+TMP3,0.66465,3
CPR1+STR3+TMP1,0.68686,3
CPR1+STR3+TMP2,0.59897,2
CPR1+STR3+TMP3,0.56444,3
CPR2+DOX1+ERY1,0.7851,3
CPR2+DOX1+ERY2,0.56759,3
CPR2+DOX1+ERY3,0.585,3
CPR2+DOX1+FOX1,0.4514,3
CPR2+DOX1+FOX2,0.52988,3
CPR2+DOX1+FOX3,0.50928,2
CPR2+DOX1+FUS1,0.72319,3
CPR2+DOX1+FUS2,0.81907,3
CPR2+DOX1+FUS3,0.72085,3
CPR2+DOX1+STR1,0.3899,3
CPR2+DOX1+STR2,0.69998,3
CPR2+DOX1+STR3,0.71524,3
CPR2+DOX1+TMP1,0.56615,3
CPR2+DOX1+TMP2,0.3827,2
CPR2+DOX1+TMP3,0.38401,2
CPR2+DOX2+ERY1,0.7877,3
CPR2+DOX2+ERY2,0.58637,3
CPR2+DOX2+ERY3,0.83322,3
CPR2+DOX2+FOX1,0.37462,2
CPR2+DOX2+FOX2,0.4229,2
CPR2+DOX2+FOX3,0.58664,1
CPR2+DOX2+FUS1,0.68641,3
CPR2+DOX2+FUS2,0.71581,3
CPR2+DOX2+FUS3,0.57192,3
CPR2+DOX2+STR1,0.29085,3
CPR2+DOX2+STR2,0.45401,3
CPR2+DOX2+STR3,0.46059,3
CPR2+DOX2+TMP1,0.39217,3
CPR2+DOX2+TMP2,0.5201,2
CPR2+DOX2+TMP3,0.59806,2
CPR2+DOX3+ERY1,0.82519,3
CPR2+DOX3+ERY2,0.54784,3
CPR2+DOX3+ERY3,0.65452,3
CPR2+DOX3+FOX1,0.5441,2
CPR2+DOX3+FOX2,0.45053,2
CPR2+DOX3+FOX3,0.56698,1
CPR2+DOX3+FUS1,0.71262,3
CPR2+DOX3+FUS2,0.72406,3
CPR2+DOX3+FUS3,0.57917,3
CPR2+DOX3+STR1,0.27833,3
CPR2+DOX3+STR2,0.41236,3
CPR2+DOX3+STR3,0.63541,3
CPR2+DOX3+TMP1,0.68308,3
CPR2+DOX3+TMP2,0.67697,2
CPR2+DOX3+TMP3,0.748,2
CPR2+ERY1+FOX1,0.88415,3
CPR2+ERY1+FOX2,0.89984,3
CPR2+ERY1+FOX3,0.98828,2
CPR2+ERY1+FUS1,0.80187,3
CPR2+ERY1+FUS2,0.74705,3
CPR2+ERY1+FUS3,0.84478,3
CPR2+ERY1+STR1,0.74356,3
CPR2+ERY1+STR2,0.69633,3
CPR2+ERY1+STR3,0.76025,3
CPR2+ERY1+TMP1,0.72163,3
CPR2+ERY1+TMP2,0.80268,2
CPR2+ERY1+TMP3,0.67921,2
CPR2+ERY2+FOX1,0.86524,3
CPR2+ERY2+FOX2,0.85605,3
CPR2+ERY2+FOX3,0.93493,1
CPR2+ERY2+FUS1,0.68001,3
CPR2+ERY2+FUS2,0.69325,3
CPR2+ERY2+FUS3,0.689,3
CPR2+ERY2+STR1,0.57936,3
CPR2+ERY2+STR2,0.66901,3
CPR2+ERY2+STR3,0.60973,3
CPR2+ERY2+TMP1,0.49718,3
CPR2+ERY2+TMP2,0.6376,2
CPR2+ERY2+TMP3,0.59189,2
CPR2+ERY3+FOX1,0.88676,2
CPR2+ERY3+FOX2,0.86044,3
CPR2+ERY3+FOX3,0.97489,2
CPR2+ERY3+FUS1,0.68567,3
CPR2+ERY3+FUS2,0.65317,3
CPR2+ERY3+FUS3,0.8047,3
CPR2+ERY3+STR1,0.63394,3
CPR2+ERY3+STR2,0.60993,3
CPR2+ERY3+STR3,0.71222,3
CPR2+ERY3+TMP1,0.55212,3
CPR2+ERY3+TMP2,0.67704,2
CPR2+ERY3+TMP3,0.46544,2
CPR2+FOX1+FUS1,0.79293,3
CPR2+FOX1+FUS2,0.58279,3
CPR2+FOX1+FUS3,0.71677,3
CPR2+FOX1+STR1,0.83242,3
CPR2+FOX1+STR2,0.7138,3
CPR2+FOX1+STR3,0.82258,3
CPR2+FOX1+TMP1,0.73438,3
CPR2+FOX1+TMP2,0.66613,1
CPR2+FOX1+TMP3,0.66323,1
CPR2+FOX2+FUS1,0.76471,3
CPR2+FOX2+FUS2,0.78856,3
CPR2+FOX2+FUS3,0.74461,3
CPR2+FOX2+STR1,0.51883,3
CPR2+FOX2+STR2,0.70338,3
CPR2+FOX2+STR3,0.84539,3
CPR2+FOX2+TMP1,0.63354,3
CPR2+FOX2+TMP2,0.6537,2
CPR2+FOX2+TMP3,0.72319,2
CPR2+FOX3+FUS1,0.73104,2
CPR2+FOX3+FUS2,0.65225,2
CPR2+FOX3+FUS3,0.78309,2
CPR2+FOX3+STR1,0.7891,2
CPR2+FOX3+STR2,0.73274,2
CPR2+FOX3+STR3,0.84136,2
CPR2+FOX3+TMP1,0.6649,2
CPR2+FOX3+TMP2,0.57595,1
CPR2+FOX3+TMP3,0.65192,0
CPR2+FUS1+STR1,0.48309,3
CPR2+FUS1+STR2,0.59535,3
CPR2+FUS1+STR3,0.50494,3
CPR2+FUS1+TMP1,0.63099,3
CPR2+FUS1+TMP2,0.59804,2
CPR2+FUS1+TMP3,0.61472,2
CPR2+FUS2+STR1,0.60254,3
CPR2+FUS2+STR2,0.71925,3
CPR2+FUS2+STR3,0.62246,3
CPR2+FUS2+TMP1,0.78917,3
CPR2+FUS2+TMP2,0.75784,2
CPR2+FUS2+TMP3,0.66541,2
CPR2+FUS3+STR1,0.54908,3
CPR2+FUS3+STR2,0.72698,3
CPR2+FUS3+STR3,0.90456,3
CPR2+FUS3+TMP1,0.73575,3
CPR2+FUS3+TMP2,0.66165,2
CPR2+FUS3+TMP3,0.64431,2
CPR2+STR1+TMP1,0.40784,3
CPR2+STR1+TMP2,0.51334,1
CPR2+STR1+TMP3,0.43648,1
CPR2+STR2+TMP1,0.61981,3
CPR2+STR2+TMP2,0.48239,2
CPR2+STR2+TMP3,0.49295,2
CPR2+STR3+TMP1,0.54453,3
CPR2+STR3+TMP2,0.43484,2
CPR2+STR3+TMP3,0.51422,2
CPR3+DOX1+ERY1,0.63102,3
CPR3+DOX1+ERY2,0.54238,3
CPR3+DOX1+ERY3,0.53383,3
CPR3+DOX1+FOX1,0.63541,3
CPR3+DOX1+FOX2,0.48496,3
CPR3+DOX1+FOX3,0.76646,3
CPR3+DOX1+FUS1,0.59129,3
CPR3+DOX1+FUS2,0.62978,3
CPR3+DOX1+FUS3,0.7627,3
CPR3+DOX1+STR1,0.73467,3
CPR3+DOX1+STR2,0.80222,3
CPR3+DOX1+STR3,0.69095,3
CPR3+DOX1+TMP1,0.41848,3
CPR3+DOX1+TMP2,0.47666,2
CPR3+DOX1+TMP3,0.43808,2
CPR3+DOX2+ERY1,0.54184,3
CPR3+DOX2+ERY2,0.56173,3
CPR3+DOX2+ERY3,0.61023,3
CPR3+DOX2+FOX1,0.63044,2
CPR3+DOX2+FOX2,0.67654,2
CPR3+DOX2+FOX3,0.76276,2
CPR3+DOX2+FUS1,0.72149,3
CPR3+DOX2+FUS2,0.65688,3
CPR3+DOX2+FUS3,0.54906,3
CPR3+DOX2+STR1,0.70114,3
CPR3+DOX2+STR2,0.70423,3
CPR3+DOX2+STR3,0.4913,3
CPR3+DOX2+TMP1,0.52901,3
CPR3+DOX2+TMP2,0.59371,2
CPR3+DOX2+TMP3,0.47884,2
CPR3+DOX3+ERY1,0.67899,2
CPR3+DOX3+ERY2,0.54221,2
CPR3+DOX3+ERY3,0.48949,2
CPR3+DOX3+FOX1,0.60779,1
CPR3+DOX3+FOX2,0.56159,1
CPR3+DOX3+FOX3,0.53625,1
CPR3+DOX3+FUS1,0.7657,2
CPR3+DOX3+FUS2,0.6784,2
CPR3+DOX3+FUS3,0.6944,2
CPR3+DOX3+STR1,0.59258,2
CPR3+DOX3+STR2,0.65273,2
CPR3+DOX3+STR3,0.52863,2
CPR3+DOX3+TMP1,0.50947,2
CPR3+DOX3+TMP2,0.57135,1
CPR3+DOX3+TMP3,0.6594,1
CPR3+ERY1+FOX1,0.94999,3
CPR3+ERY1+FOX2,0.86349,3
CPR3+ERY1+FOX3,0.97454,3
CPR3+ERY1+FUS1,0.77952,3
CPR3+ERY1+FUS2,0.91978,3
CPR3+ERY1+FUS3,0.79042,3
CPR3+ERY1+STR1,0.7843,3
CPR3+ERY1+STR2,0.70974,3
CPR3+ERY1+STR3,0.79639,3
CPR3+ERY1+TMP1,0.66984,3
CPR3+ERY1+TMP2,0.87404,2
CPR3+ERY1+TMP3,0.88652,2
CPR3+ERY2+FOX1,0.86155,3
CPR3+ERY2+FOX2,0.66906,3
CPR3+ERY2+FOX3,0.95045,2
CPR3+ERY2+FUS1,0.82802,3
CPR3+ERY2+FUS2,0.83796,3
CPR3+ERY2+FUS3,0.83603,3
CPR3+ERY2+STR1,0.60693,3
CPR3+ERY2+STR2,0.40939,3
CPR3+ERY2+STR3,0.78716,3
CPR3+ERY2+TMP1,0.67272,3
CPR3+ERY2+TMP2,0.67155,2
CPR3+ERY2+TMP3,0.65114,2
CPR3+ERY3+FOX1,0.74425,2
CPR3+ERY3+FOX2,0.7237,3
CPR3+ERY3+FOX3,0.96474,3
CPR3+ERY3+FUS1,0.61584,3
CPR3+ERY3+FUS2,0.83555,3
CPR3+ERY3+FUS3,0.87271,3
CPR3+ERY3+STR1,0.68412,3
CPR3+ERY3+STR2,0.35912,3
CPR3+ERY3+STR3,0.42375,3
CPR3+ERY3+TMP1,0.83923,3
CPR3+ERY3+TMP2,0.83527,2
CPR3+ERY3+TMP3,0.75929,2
CPR3+FOX1+FUS1,0.63591,3
CPR3+FOX1+FUS2,0.61259,3
CPR3+FOX1+FUS3,0.72105,3
CPR3+FOX1+STR1,0.66805,3
CPR3+FOX1+STR2,0.58215,3
CPR3+FOX1+STR3,0.71241,3
CPR3+FOX1+TMP1,0.60296,3
CPR3+FOX1+TMP2,0.57185,1
CPR3+FOX1+TMP3,0.64917,1
CPR3+FOX2+FUS1,0.68377,3
CPR3+FOX2+FUS2,0.70069,3
CPR3+FOX2+FUS3,0.68559,3
CPR3+FOX2+STR1,0.77869,3
CPR3+FOX2+STR2,0.78482,3
CPR3+FOX2+STR3,0.8447,3
CPR3+FOX2+TMP1,0.67519,3
CPR3+FOX2+TMP2,0.6627,2
CPR3+FOX2+TMP3,0.63404,2
CPR3+FOX3+FUS1,0.59392,3
CPR3+FOX3+FUS2,0.72583,3
CPR3+FOX3+FUS3,0.72602,3
CPR3+FOX3+STR1,0.72256,3
CPR3+FOX3+STR2,0.89905,3
CPR3+FOX3+STR3,0.88409,3
CPR3+FOX3+TMP1,0.56362,3
CPR3+FOX3+TMP2,0.57104,2
CPR3+FOX3+TMP3,0.57399,1
CPR3+FUS1+STR1,0.51299,3
CPR3+FUS1+STR2,0.48893,3
CPR3+FUS1+STR3,0.39181,3
CPR3+FUS1+TMP1,0.62339,3
CPR3+FUS1+TMP2,0.58403,2
CPR3+FUS1+TMP3,0.68493,2
CPR3+FUS2+STR1,0.65771,3
CPR3+FUS2+STR2,0.57964,3
CPR3+FUS2+STR3,0.50028,3
CPR3+FUS2+TMP1,0.67074,3
CPR3+FUS2+TMP2,0.75445,2
CPR3+FUS2+TMP3,0.66584,2
CPR3+FUS3+STR1,0.74002,3
CPR3+FUS3+STR2,0.49212,3
CPR3+FUS3+STR3,0.85944,3
CPR3+FUS3+TMP1,0.72192,3
CPR3+FUS3+TMP2,0.78388,2
CPR3+FUS3+TMP3,0.63871,2
CPR3+STR1+TMP1,0.54366,3
CPR3+STR1+TMP2,0.62746,1
CPR3+STR1+TMP3,0.66304,1
CPR3+STR2+TMP1,0.71485,3
CPR3+STR2+TMP2,0.66452,2
CPR3+STR2+TMP3,0.56842,2
CPR3+STR3+TMP1,0.68565,3
CPR3+STR3+TMP2,0.71005,2
CPR3+STR3+TMP3,0.59747,2
DOX1+ERY1+ERY1,1,NaN
DOX1+ERY1+ERY2,0.95929,NaN
DOX1+ERY1+ERY3,0.79216,3
DOX1+ERY1+FOX1,0.78726,3
DOX1+ERY1+FOX2,0.53888,3
DOX1+ERY1+FOX3,0.7013,3
DOX1+ERY1+FUS1,0.79722,3
DOX1+ERY1+FUS2,0.80347,3
DOX1+ERY1+FUS3,0.86676,3
DOX1+ERY1+STR1,0.51754,3
DOX1+ERY1+STR2,0.73563,3
DOX1+ERY1+STR3,0.78815,3
DOX1+ERY1+TMP1,0.75455,3
DOX1+ERY1+TMP2,0.71575,3
DOX1+ERY1+TMP3,0.83083,3
DOX1+ERY2+ERY2,0.89581,NaN
DOX1+ERY2+ERY3,0.73617,3
DOX1+ERY2+FOX1,0.86879,3
DOX1+ERY2+FOX2,0.57217,3
DOX1+ERY2+FOX3,0.52682,2
DOX1+ERY2+FUS1,0.8745,3
DOX1+ERY2+FUS2,0.65233,3
DOX1+ERY2+FUS3,0.75285,3
DOX1+ERY2+STR1,0.57672,3
DOX1+ERY2+STR2,0.55602,3
DOX1+ERY2+STR3,0.79901,3
DOX1+ERY2+TMP1,0.73854,3
DOX1+ERY2+TMP2,0.76828,3
DOX1+ERY2+TMP3,0.84065,3
DOX1+ERY3+ERY3,0.59434,3
DOX1+ERY3+FOX1,0.77292,2
DOX1+ERY3+FOX2,0.70504,3
DOX1+ERY3+FOX3,0.48559,3
DOX1+ERY3+FUS1,0.73146,3
DOX1+ERY3+FUS2,0.67738,3
DOX1+ERY3+FUS3,0.74398,3
DOX1+ERY3+STR1,0.50321,3
DOX1+ERY3+STR2,0.70435,3
DOX1+ERY3+STR3,0.71109,3
DOX1+ERY3+TMP1,0.8089,3
DOX1+ERY3+TMP2,0.86399,3
DOX1+ERY3+TMP3,0.86754,3
DOX1+FOX1+FUS1,0.6181,3
DOX1+FOX1+FUS2,0.78251,3
DOX1+FOX1+FUS3,0.71709,3
DOX1+FOX1+STR1,0.62848,3
DOX1+FOX1+STR2,0.71275,3
DOX1+FOX1+STR3,0.46534,3
DOX1+FOX1+TMP1,0.85619,3
DOX1+FOX1+TMP2,0.88971,2
DOX1+FOX1+TMP3,0.75695,2
DOX1+FOX2+FUS1,0.69048,3
DOX1+FOX2+FUS2,0.62422,3
DOX1+FOX2+FUS3,0.76744,3
DOX1+FOX2+STR1,0.52921,3
DOX1+FOX2+STR2,0.50618,3
DOX1+FOX2+STR3,0.62461,3
DOX1+FOX2+TMP1,0.4968,3
DOX1+FOX2+TMP2,0.59695,3
DOX1+FOX2+TMP3,0.48278,3
DOX1+FOX3+FUS1,0.62702,3
DOX1+FOX3+FUS2,0.89365,3
DOX1+FOX3+FUS3,0.69637,3
DOX1+FOX3+STR1,0.63941,3
DOX1+FOX3+STR2,0.56327,3
DOX1+FOX3+STR3,0.81561,3
DOX1+FOX3+TMP1,0.58285,3
DOX1+FOX3+TMP2,0.78921,3
DOX1+FOX3+TMP3,0.72508,2
DOX1+FUS1+STR1,0.47825,3
DOX1+FUS1+STR2,0.51331,3
DOX1+FUS1+STR3,0.46494,3
DOX1+FUS1+TMP1,0.58089,3
DOX1+FUS1+TMP2,0.5719,3
DOX1+FUS1+TMP3,0.57475,3
DOX1+FUS2+STR1,0.62366,3
DOX1+FUS2+STR2,0.60238,3
DOX1+FUS2+STR3,0.65577,3
DOX1+FUS2+TMP1,0.63699,3
DOX1+FUS2+TMP2,0.72059,3
DOX1+FUS2+TMP3,0.70165,3
DOX1+FUS3+STR1,0.83581,3
DOX1+FUS3+STR2,0.64947,3
DOX1+FUS3+STR3,0.87907,3
DOX1+FUS3+TMP1,0.5158,3
DOX1+FUS3+TMP2,0.65576,3
DOX1+FUS3+TMP3,0.69944,3
DOX1+STR1+TMP1,0.44119,3
DOX1+STR1+TMP2,0.41514,2
DOX1+STR1+TMP3,0.49908,2
DOX1+STR2+TMP1,0.43271,3
DOX1+STR2+TMP2,0.36507,3
DOX1+STR2+TMP3,0.39767,3
DOX1+STR3+TMP1,0.51026,3
DOX1+STR3+TMP2,0.57284,3
DOX1+STR3+TMP3,0.71985,3
DOX2+ERY1+ERY1,1,NaN
DOX2+ERY1+ERY2,0.97033,NaN
DOX2+ERY1+ERY3,0.80188,3
DOX2+ERY1+FOX1,0.84761,2
DOX2+ERY1+FOX2,0.65382,2
DOX2+ERY1+FOX3,0.67923,2
DOX2+ERY1+FUS1,0.77538,3
DOX2+ERY1+FUS2,0.72992,3
DOX2+ERY1+FUS3,0.79508,3
DOX2+ERY1+STR1,0.6535,3
DOX2+ERY1+STR2,0.59895,3
DOX2+ERY1+STR3,0.66698,3
DOX2+ERY1+TMP1,0.7814,3
DOX2+ERY1+TMP2,0.72626,3
DOX2+ERY1+TMP3,0.66617,3
DOX2+ERY2+ERY2,0.82195,NaN
DOX2+ERY2+ERY3,0.65133,3
DOX2+ERY2+FOX1,0.88707,2
DOX2+ERY2+FOX2,0.50514,2
DOX2+ERY2+FOX3,0.45442,1
DOX2+ERY2+FUS1,0.84625,3
DOX2+ERY2+FUS2,0.77478,3
DOX2+ERY2+FUS3,0.63537,3
DOX2+ERY2+STR1,0.59197,3
DOX2+ERY2+STR2,0.47153,3
DOX2+ERY2+STR3,0.69166,3
DOX2+ERY2+TMP1,0.76015,3
DOX2+ERY2+TMP2,0.75683,3
DOX2+ERY2+TMP3,0.6905,3
DOX2+ERY3+ERY3,0.54207,3
DOX2+ERY3+FOX1,0.72441,1
DOX2+ERY3+FOX2,0.65687,2
DOX2+ERY3+FOX3,0.53352,2
DOX2+ERY3+FUS1,0.70848,3
DOX2+ERY3+FUS2,0.64129,3
DOX2+ERY3+FUS3,0.73714,3
DOX2+ERY3+STR1,0.63234,3
DOX2+ERY3+STR2,0.76285,3
DOX2+ERY3+STR3,0.80694,3
DOX2+ERY3+TMP1,0.86131,3
DOX2+ERY3+TMP2,0.83242,3
DOX2+ERY3+TMP3,0.65296,3
DOX2+FOX1+FUS1,0.66903,2
DOX2+FOX1+FUS2,0.70044,2
DOX2+FOX1+FUS3,0.70627,2
DOX2+FOX1+STR1,0.45852,2
DOX2+FOX1+STR2,0.63262,2
DOX2+FOX1+STR3,0.55033,2
DOX2+FOX1+TMP1,0.75653,2
DOX2+FOX1+TMP2,0.70821,1
DOX2+FOX1+TMP3,0.7171,1
DOX2+FOX2+FUS1,0.72637,2
DOX2+FOX2+FUS2,0.7772,2
DOX2+FOX2+FUS3,0.76213,2
DOX2+FOX2+STR1,0.41574,2
DOX2+FOX2+STR2,0.3329,2
DOX2+FOX2+STR3,0.44965,2
DOX2+FOX2+TMP1,0.54582,2
DOX2+FOX2+TMP2,0.52101,2
DOX2+FOX2+TMP3,0.59806,2
DOX2+FOX3+FUS1,0.48889,2
DOX2+FOX3+FUS2,0.55932,2
DOX2+FOX3+FUS3,0.58131,2
DOX2+FOX3+STR1,0.55464,2
DOX2+FOX3+STR2,0.4136,2
DOX2+FOX3+STR3,0.48846,2
DOX2+FOX3+TMP1,0.5224,2
DOX2+FOX3+TMP2,0.814,2
DOX2+FOX3+TMP3,0.78462,1
DOX2+FUS1+STR1,0.62755,3
DOX2+FUS1+STR2,0.33803,3
DOX2+FUS1+STR3,0.57123,3
DOX2+FUS1+TMP1,0.55118,3
DOX2+FUS1+TMP2,0.54739,3
DOX2+FUS1+TMP3,0.52137,3
DOX2+FUS2+STR1,0.5999,3
DOX2+FUS2+STR2,0.61282,3
DOX2+FUS2+STR3,0.76624,3
DOX2+FUS2+TMP1,0.66544,3
DOX2+FUS2+TMP2,0.71368,3
DOX2+FUS2+TMP3,0.64602,3
DOX2+FUS3+STR1,0.80932,3
DOX2+FUS3+STR2,0.66284,3
DOX2+FUS3+STR3,0.66241,3
DOX2+FUS3+TMP1,0.638,3
DOX2+FUS3+TMP2,0.56501,3
DOX2+FUS3+TMP3,0.64616,3
DOX2+STR1+TMP1,0.42744,3
DOX2+STR1+TMP2,0.48267,2
DOX2+STR1+TMP3,0.4947,2
DOX2+STR2+TMP1,0.4781,3
DOX2+STR2+TMP2,0.51792,3
DOX2+STR2+TMP3,0.5248,3
DOX2+STR3+TMP1,0.66432,3
DOX2+STR3+TMP2,0.65745,3
DOX2+STR3+TMP3,0.60769,3
DOX3+ERY1+ERY1,1,NaN
DOX3+ERY1+ERY2,0.81963,NaN
DOX3+ERY1+ERY3,0.77931,3
DOX3+ERY1+FOX1,0.81486,2
DOX3+ERY1+FOX2,0.54218,2
DOX3+ERY1+FOX3,0.65196,2
DOX3+ERY1+FUS1,0.732,3
DOX3+ERY1+FUS2,0.83522,3
DOX3+ERY1+FUS3,0.78248,3
DOX3+ERY1+STR1,0.72777,3
DOX3+ERY1+STR2,0.73877,3
DOX3+ERY1+STR3,0.69647,3
DOX3+ERY1+TMP1,0.7493,3
DOX3+ERY1+TMP2,0.70681,3
DOX3+ERY1+TMP3,0.68496,3
DOX3+ERY2+ERY2,0.67823,NaN
DOX3+ERY2+ERY3,0.5881,3
DOX3+ERY2+FOX1,0.81598,2
DOX3+ERY2+FOX2,0.5741,2
DOX3+ERY2+FOX3,0.46176,1
DOX3+ERY2+FUS1,0.77004,3
DOX3+ERY2+FUS2,0.79822,3
DOX3+ERY2+FUS3,0.77836,3
DOX3+ERY2+STR1,0.65017,3
DOX3+ERY2+STR2,0.58515,3
DOX3+ERY2+STR3,0.53681,3
DOX3+ERY2+TMP1,0.90436,3
DOX3+ERY2+TMP2,0.72432,3
DOX3+ERY2+TMP3,0.75135,3
DOX3+ERY3+ERY3,0.52531,3
DOX3+ERY3+FOX1,0.8637,1
DOX3+ERY3+FOX2,0.6814,2
DOX3+ERY3+FOX3,0.80491,2
DOX3+ERY3+FUS1,0.78212,3
DOX3+ERY3+FUS2,0.70793,3
DOX3+ERY3+FUS3,0.77668,3
DOX3+ERY3+STR1,0.7425,3
DOX3+ERY3+STR2,0.72655,3
DOX3+ERY3+STR3,0.64437,3
DOX3+ERY3+TMP1,0.71355,3
DOX3+ERY3+TMP2,0.71873,3
DOX3+ERY3+TMP3,0.66353,3
DOX3+FOX1+FUS1,0.65103,2
DOX3+FOX1+FUS2,0.68219,2
DOX3+FOX1+FUS3,0.72821,2
DOX3+FOX1+STR1,0.55652,2
DOX3+FOX1+STR2,0.52707,2
DOX3+FOX1+STR3,0.39099,2
DOX3+FOX1+TMP1,0.63668,2
DOX3+FOX1+TMP2,0.67569,1
DOX3+FOX1+TMP3,0.702,1
DOX3+FOX2+FUS1,0.68277,2
DOX3+FOX2+FUS2,0.71472,2
DOX3+FOX2+FUS3,0.64878,2
DOX3+FOX2+STR1,0.4098,2
DOX3+FOX2+STR2,0.3368,2
DOX3+FOX2+STR3,0.34541,2
DOX3+FOX2+TMP1,0.68057,2
DOX3+FOX2+TMP2,0.76395,2
DOX3+FOX2+TMP3,0.71063,2
DOX3+FOX3+FUS1,0.78949,2
DOX3+FOX3+FUS2,0.54039,2
DOX3+FOX3+FUS3,0.47599,2
DOX3+FOX3+STR1,0.3085,2
DOX3+FOX3+STR2,0.32616,2
DOX3+FOX3+STR3,0.35079,2
DOX3+FOX3+TMP1,0.77491,2
DOX3+FOX3+TMP2,0.804,2
DOX3+FOX3+TMP3,0.85655,1
DOX3+FUS1+STR1,0.55532,3
DOX3+FUS1+STR2,0.53555,3
DOX3+FUS1+STR3,0.60578,3
DOX3+FUS1+TMP1,0.50852,3
DOX3+FUS1+TMP2,0.53309,3
DOX3+FUS1+TMP3,0.50567,3
DOX3+FUS2+STR1,0.6132,3
DOX3+FUS2+STR2,0.4151,3
DOX3+FUS2+STR3,0.69655,3
DOX3+FUS2+TMP1,0.54509,3
DOX3+FUS2+TMP2,0.5623,3
DOX3+FUS2+TMP3,0.54524,3
DOX3+FUS3+STR1,0.69232,3
DOX3+FUS3+STR2,0.74854,3
DOX3+FUS3+STR3,0.85251,3
DOX3+FUS3+TMP1,0.54906,3
DOX3+FUS3+TMP2,0.63132,3
DOX3+FUS3+TMP3,0.5743,3
DOX3+STR1+TMP1,0.65166,3
DOX3+STR1+TMP2,0.54367,2
DOX3+STR1+TMP3,0.48987,2
DOX3+STR2+TMP1,0.70567,3
DOX3+STR2+TMP2,0.64427,3
DOX3+STR2+TMP3,0.72361,3
DOX3+STR3+TMP1,0.67981,3
DOX3+STR3+TMP2,0.74235,3
DOX3+STR3+TMP3,0.69972,3
ERY1+ERY1+FUS1,1,NaN
ERY1+ERY1+FUS2,1,NaN
ERY1+ERY1+FUS3,1,NaN
ERY1+ERY1+STR1,1,NaN
ERY1+ERY1+STR2,1,NaN
ERY1+ERY1+STR3,1,NaN
ERY1+ERY2+FUS1,0.99208,NaN
ERY1+ERY2+FUS2,1,NaN
ERY1+ERY2+FUS3,1,NaN
ERY1+ERY2+STR1,0.98352,NaN
ERY1+ERY2+STR2,1,NaN
ERY1+ERY2+STR3,1,NaN
ERY1+ERY3+FUS1,0.97858,3
ERY1+ERY3+FUS2,1,3
ERY1+ERY3+FUS3,1,3
ERY1+ERY3+STR1,1,3
ERY1+ERY3+STR2,1,3
ERY1+ERY3+STR3,0.94692,3
ERY1+FOX1+FUS1,0.72001,3
ERY1+FOX1+FUS2,0.84264,3
ERY1+FOX1+FUS3,0.68506,3
ERY1+FOX1+STR1,0.73651,3
ERY1+FOX1+STR2,0.59786,3
ERY1+FOX1+STR3,0.76158,3
ERY1+FOX1+TMP1,0.78168,3
ERY1+FOX1+TMP2,0.90206,2
ERY1+FOX1+TMP3,0.90059,2
ERY1+FOX2+FUS1,0.87431,3
ERY1+FOX2+FUS2,0.86938,3
ERY1+FOX2+FUS3,0.9152,3
ERY1+FOX2+STR1,0.83434,3
ERY1+FOX2+STR2,0.8037,3
ERY1+FOX2+STR3,0.81646,3
ERY1+FOX2+TMP1,0.62541,3
ERY1+FOX2+TMP2,0.64613,3
ERY1+FOX2+TMP3,0.72313,3
ERY1+FOX3+FUS1,0.77898,3
ERY1+FOX3+FUS2,0.7052,3
ERY1+FOX3+FUS3,0.82449,3
ERY1+FOX3+STR1,0.91738,3
ERY1+FOX3+STR2,0.84229,3
ERY1+FOX3+STR3,0.89714,3
ERY1+FOX3+TMP1,0.82593,3
ERY1+FOX3+TMP2,0.8715,3
ERY1+FOX3+TMP3,0.8886,2
ERY1+FUS1+STR1,0.43423,3
ERY1+FUS1+STR2,0.33983,3
ERY1+FUS1+STR3,0.49237,3
ERY1+FUS1+TMP1,0.80046,3
ERY1+FUS1+TMP2,0.79229,3
ERY1+FUS1+TMP3,0.83799,3
ERY1+FUS2+STR1,0.37846,3
ERY1+FUS2+STR2,0.56162,3
ERY1+FUS2+STR3,0.7367,3
ERY1+FUS2+TMP1,0.87453,3
ERY1+FUS2+TMP2,0.81484,3
ERY1+FUS2+TMP3,0.73564,3
ERY1+FUS3+STR1,0.74098,3
ERY1+FUS3+STR2,0.84808,3
ERY1+FUS3+STR3,0.90126,3
ERY1+FUS3+TMP1,0.68084,3
ERY1+FUS3+TMP2,0.73016,3
ERY1+FUS3+TMP3,0.90052,3
ERY1+STR1+TMP1,0.65166,3
ERY1+STR1+TMP2,0.72685,2
ERY1+STR1+TMP3,0.73109,2
ERY1+STR2+TMP1,0.61467,3
ERY1+STR2+TMP2,0.6711,3
ERY1+STR2+TMP3,0.75967,3
ERY1+STR3+TMP1,0.80938,3
ERY1+STR3+TMP2,0.91496,3
ERY1+STR3+TMP3,0.77892,3
ERY2+ERY2+FUS1,1,NaN
ERY2+ERY2+FUS2,1,NaN
ERY2+ERY2+FUS3,1,NaN
ERY2+ERY2+STR1,1,NaN
ERY2+ERY2+STR2,1,NaN
ERY2+ERY2+STR3,1,NaN
ERY2+ERY3+FUS1,1,3
ERY2+ERY3+FUS2,1,3
ERY2+ERY3+FUS3,0.96759,3
ERY2+ERY3+STR1,1,3
ERY2+ERY3+STR2,0.97893,3
ERY2+ERY3+STR3,0.87828,3
ERY2+FOX1+FUS1,0.77525,3
ERY2+FOX1+FUS2,0.73482,3
ERY2+FOX1+FUS3,0.76218,3
ERY2+FOX1+STR1,0.4677,3
ERY2+FOX1+STR2,0.56401,3
ERY2+FOX1+STR3,0.80395,3
ERY2+FOX1+TMP1,0.82977,3
ERY2+FOX1+TMP2,0.92843,2
ERY2+FOX1+TMP3,0.90795,2
ERY2+FOX2+FUS1,0.75983,3
ERY2+FOX2+FUS2,0.79204,3
ERY2+FOX2+FUS3,0.89405,3
ERY2+FOX2+STR1,0.52115,3
ERY2+FOX2+STR2,0.6345,3
ERY2+FOX2+STR3,0.86169,3
ERY2+FOX2+TMP1,0.66573,3
ERY2+FOX2+TMP2,0.63489,3
ERY2+FOX2+TMP3,0.51985,3
ERY2+FOX3+FUS1,0.71109,2
ERY2+FOX3+FUS2,0.77139,2
ERY2+FOX3+FUS3,0.64835,2
ERY2+FOX3+STR1,0.70508,2
ERY2+FOX3+STR2,0.62202,2
ERY2+FOX3+STR3,0.84953,2
ERY2+FOX3+TMP1,0.88095,2
ERY2+FOX3+TMP2,0.82153,2
ERY2+FOX3+TMP3,0.93033,1
ERY2+FUS1+STR1,0.49368,3
ERY2+FUS1+STR2,0.38427,3
ERY2+FUS1+STR3,0.62565,3
ERY2+FUS1+TMP1,0.79691,3
ERY2+FUS1+TMP2,0.72421,3
ERY2+FUS1+TMP3,0.72723,3
ERY2+FUS2+STR1,0.42028,3
ERY2+FUS2+STR2,0.53757,3
ERY2+FUS2+STR3,0.74037,3
ERY2+FUS2+TMP1,0.79482,3
ERY2+FUS2+TMP2,0.74151,3
ERY2+FUS2+TMP3,0.7599,3
ERY2+FUS3+STR1,0.72532,3
ERY2+FUS3+STR2,0.80289,3
ERY2+FUS3+STR3,0.71326,3
ERY2+FUS3+TMP1,0.62057,3
ERY2+FUS3+TMP2,0.58368,3
ERY2+FUS3+TMP3,0.82189,3
ERY2+STR1+TMP1,0.66049,3
ERY2+STR1+TMP2,0.70879,2
ERY2+STR1+TMP3,0.67984,2
ERY2+STR2+TMP1,0.75509,3
ERY2+STR2+TMP2,0.55639,3
ERY2+STR2+TMP3,0.61548,3
ERY2+STR3+TMP1,0.79132,3
ERY2+STR3+TMP2,0.78267,3
ERY2+STR3+TMP3,0.76524,3
ERY3+ERY3+FUS1,0.95756,3
ERY3+ERY3+FUS2,1,3
ERY3+ERY3+FUS3,0.89832,3
ERY3+ERY3+STR1,0.99841,3
ERY3+ERY3+STR2,0.88276,3
ERY3+ERY3+STR3,0.78898,3
ERY3+FOX1+FUS1,0.68683,2
ERY3+FOX1+FUS2,0.71539,2
ERY3+FOX1+FUS3,0.80227,2
ERY3+FOX1+STR1,0.71404,2
ERY3+FOX1+STR2,0.57802,2
ERY3+FOX1+STR3,0.70725,2
ERY3+FOX1+TMP1,0.87981,2
ERY3+FOX1+TMP2,0.91753,1
ERY3+FOX1+TMP3,0.94632,1
ERY3+FOX2+FUS1,0.7438,3
ERY3+FOX2+FUS2,0.78704,3
ERY3+FOX2+FUS3,0.85485,3
ERY3+FOX2+STR1,0.69441,3
ERY3+FOX2+STR2,0.70455,3
ERY3+FOX2+STR3,0.85861,3
ERY3+FOX2+TMP1,0.48651,3
ERY3+FOX2+TMP2,0.51174,3
ERY3+FOX2+TMP3,0.58988,3
ERY3+FOX3+FUS1,0.68527,3
ERY3+FOX3+FUS2,0.76774,3
ERY3+FOX3+FUS3,0.78307,3
ERY3+FOX3+STR1,0.5852,3
ERY3+FOX3+STR2,0.68713,3
ERY3+FOX3+STR3,0.85668,3
ERY3+FOX3+TMP1,0.85147,3
ERY3+FOX3+TMP2,0.84851,3
ERY3+FOX3+TMP3,0.91426,2
ERY3+FUS1+STR1,0.29872,3
ERY3+FUS1+STR2,0.25424,3
ERY3+FUS1+STR3,0.36095,3
ERY3+FUS1+TMP1,0.80727,3
ERY3+FUS1+TMP2,0.68303,3
ERY3+FUS1+TMP3,0.70992,3
ERY3+FUS2+STR1,0.34131,3
ERY3+FUS2+STR2,0.50624,3
ERY3+FUS2+STR3,0.6489,3
ERY3+FUS2+TMP1,0.62772,3
ERY3+FUS2+TMP2,0.66451,3
ERY3+FUS2+TMP3,0.71997,3
ERY3+FUS3+STR1,0.70824,3
ERY3+FUS3+STR2,0.75977,3
ERY3+FUS3+STR3,0.83876,3
ERY3+FUS3+TMP1,0.6195,3
ERY3+FUS3+TMP2,0.86118,3
ERY3+FUS3+TMP3,0.78057,3
ERY3+STR1+TMP1,0.74884,3
ERY3+STR1+TMP2,0.78406,2
ERY3+STR1+TMP3,0.58624,2
ERY3+STR2+TMP1,0.69841,3
ERY3+STR2+TMP2,0.65374,3
ERY3+STR2+TMP3,0.54068,3
ERY3+STR3+TMP1,0.83157,3
ERY3+STR3+TMP2,0.87324,3
ERY3+STR3+TMP3,0.71871,3
FOX1+FUS1+STR1,0.66343,3
FOX1+FUS1+STR2,0.45663,3
FOX1+FUS1+STR3,0.61267,3
FOX1+FUS1+TMP1,0.72922,3
FOX1+FUS1+TMP2,0.66357,2
FOX1+FUS1+TMP3,0.65196,2
FOX1+FUS2+STR1,0.71044,3
FOX1+FUS2+STR2,0.64958,3
FOX1+FUS2+STR3,0.57757,3
FOX1+FUS2+TMP1,0.72114,3
FOX1+FUS2+TMP2,0.76746,2
FOX1+FUS2+TMP3,0.58587,2
FOX1+FUS3+STR1,0.73535,3
FOX1+FUS3+STR2,0.64258,3
FOX1+FUS3+STR3,0.78647,3
FOX1+FUS3+TMP1,0.70347,3
FOX1+FUS3+TMP2,0.67423,2
FOX1+FUS3+TMP3,0.66749,2
FOX1+STR1+TMP1,0.69819,3
FOX1+STR1+TMP2,0.52491,1
FOX1+STR1+TMP3,0.56714,1
FOX1+STR2+TMP1,0.62014,3
FOX1+STR2+TMP2,0.49544,2
FOX1+STR2+TMP3,0.52563,2
FOX1+STR3+TMP1,0.58341,3
FOX1+STR3+TMP2,0.45579,2
FOX1+STR3+TMP3,0.52229,2
FOX2+FUS1+STR1,0.62521,3
FOX2+FUS1+STR2,0.06374,3
FOX2+FUS1+STR3,0.75407,3
FOX2+FUS1+TMP1,0.78584,3
FOX2+FUS1+TMP2,0.73185,3
FOX2+FUS1+TMP3,0.64442,3
FOX2+FUS2+STR1,0.63104,3
FOX2+FUS2+STR2,0.71885,3
FOX2+FUS2+STR3,0.83486,3
FOX2+FUS2+TMP1,0.84333,3
FOX2+FUS2+TMP2,0.66861,3
FOX2+FUS2+TMP3,0.63209,3
FOX2+FUS3+STR1,0.72626,3
FOX2+FUS3+STR2,0.81854,3
FOX2+FUS3+STR3,0.81922,3
FOX2+FUS3+TMP1,0.71428,3
FOX2+FUS3+TMP2,0.6458,3
FOX2+FUS3+TMP3,0.61504,3
FOX2+STR1+TMP1,0.53466,3
FOX2+STR1+TMP2,0.53857,2
FOX2+STR1+TMP3,0.55807,2
FOX2+STR2+TMP1,0.56535,3
FOX2+STR2+TMP2,0.55725,3
FOX2+STR2+TMP3,0.45823,3
FOX2+STR3+TMP1,0.64681,3
FOX2+STR3+TMP2,0.62815,3
FOX2+STR3+TMP3,0.52228,3
FOX3+FUS1+STR1,0.58636,3
FOX3+FUS1+STR2,0.40845,3
FOX3+FUS1+STR3,0.65286,3
FOX3+FUS1+TMP1,0.87755,3
FOX3+FUS1+TMP2,0.77444,3
FOX3+FUS1+TMP3,0.83219,2
FOX3+FUS2+STR1,0.62595,3
FOX3+FUS2+STR2,0.67988,3
FOX3+FUS2+STR3,0.72011,3
FOX3+FUS2+TMP1,0.69489,3
FOX3+FUS2+TMP2,0.74865,3
FOX3+FUS2+TMP3,0.73252,2
FOX3+FUS3+STR1,0.58825,3
FOX3+FUS3+STR2,0.70855,3
FOX3+FUS3+STR3,0.82001,3
FOX3+FUS3+TMP1,0.73873,3
FOX3+FUS3+TMP2,0.54938,3
FOX3+FUS3+TMP3,0.76504,2
FOX3+STR1+TMP1,0.54943,3
FOX3+STR1+TMP2,0.50327,2
FOX3+STR1+TMP3,0.52238,1
FOX3+STR2+TMP1,0.73379,3
FOX3+STR2+TMP2,0.7048,3
FOX3+STR2+TMP3,0.62381,2
FOX3+STR3+TMP1,0.65547,3
FOX3+STR3+TMP2,0.75695,3
FOX3+STR3+TMP3,0.73636,2
FUS1+STR1+TMP1,0.67762,3
FUS1+STR1+TMP2,0.55733,2
FUS1+STR1+TMP3,0.44505,2
FUS1+STR2+TMP1,0.60552,3
FUS1+STR2+TMP2,0.44733,3
FUS1+STR2+TMP3,0.38105,3
FUS1+STR3+TMP1,0.5424,3
FUS1+STR3+TMP2,0.68884,3
FUS1+STR3+TMP3,0.52317,3
FUS2+STR1+TMP1,0.46541,3
FUS2+STR1+TMP2,0.38395,2
FUS2+STR1+TMP3,0.4321,2
FUS2+STR2+TMP1,0.54056,3
FUS2+STR2+TMP2,0.58114,3
FUS2+STR2+TMP3,0.48715,3
FUS2+STR3+TMP1,0.75992,3
FUS2+STR3+TMP2,0.72229,3
FUS2+STR3+TMP3,0.60173,3
FUS3+STR1+TMP1,0.59528,3
FUS3+STR1+TMP2,0.51295,2
FUS3+STR1+TMP3,0.62055,2
FUS3+STR2+TMP1,0.57301,3
FUS3+STR2+TMP2,0.51094,3
FUS3+STR2+TMP3,0.80377,3
FUS3+STR3+TMP1,0.78293,3
FUS3+STR3+TMP2,0.71023,3
FUS3+STR3+TMP3,0.72701,3